ClusterNumber,NewCentroidX,NewCentroidY
1,11.319927,75.933548
2,11.321101625,75.937072
3,11.31630757142857,75.93016457142856
